"Name","Tag","Clan","Enemy Clan","War ID","Ended","War Type","Team Size","Missed"
"Luca","#8J2LGRUU","Endor","land of clã","228412","8/6/2021","CWL","30","1"
"GAWD","#PJCPC8280","Endor","land of clã","228412","8/6/2021","CWL","30","1"
"Teyang konyak","#LUVPGC22L","SN JAIN","Mini Matter","225679","8/5/2021","Friendly","20","2"
"Globslashes","#QPGJUL0PC","SN JAIN","Mini Matter","225679","8/5/2021","Friendly","20","2"
"Oo Zaw TT","#QPGC908VQ","SN JAIN","Mini Matter","225679","8/5/2021","Friendly","20","2"
"alli","#QPVY0GPCC","SN JAIN","Mini Matter","225679","8/5/2021","Friendly","20","2"
"Olle","#QYRPQQVGR","SN JAIN","Mini Matter","225679","8/5/2021","Friendly","20","2"
"Non rushed","#QYRRGV9LV","SN JAIN","Mini Matter","225679","8/5/2021","Friendly","20","2"
"籠耐克","#QYJ0CLCV9","SN JAIN","Mini Matter","225679","8/5/2021","Friendly","20","2"
"R..I..D..E..R","#YCVVG992L","SN JAIN","Mini Matter","225679","8/5/2021","Friendly","20","2"
"sheep","#QQL0QQ9G0","SN JAIN","Mini Matter","225679","8/5/2021","Friendly","20","2"
"NicoGreeko","#QYV2RVL80","SN JAIN","Mini Matter","225679","8/5/2021","Friendly","20","2"
"Kakitani","#QL0CJCP0P","SN JAIN","Mini Matter","225679","8/5/2021","Friendly","20","1"
"太阳部落冲突","#L28JPL9R","SN JAIN","Mini Matter","225679","8/5/2021","Friendly","20","2"
"ELLIOT10","#Q88PPJCG0","SN JAIN","Mini Matter","225679","8/5/2021","Friendly","20","2"
"haley","#Q9PVV2CGR","SN JAIN","Mini Matter","225679","8/5/2021","Friendly","20","1"
"jackson","#QP9VR2CR8","SN JAIN","Mini Matter","225679","8/5/2021","Friendly","20","2"
"SHINYSHOOTER","#Q80UPV2GJ","SN JAIN","Mini Matter","225679","8/5/2021","Friendly","20","2"
"FlipDon","#PRVV2GV80","Mini Matter","SN JAIN","225694","8/5/2021","Friendly","20","2"
"rio","#Q2P20V2J0","Mini Matter","SN JAIN","225694","8/5/2021","Friendly","20","2"
"punyhuman","#QY9CLP9CG","Mini Matter","SN JAIN","225694","8/5/2021","Friendly","20","2"
"Alex The Brave","#Q8YQ0CCQ2","Mini Matter","SN JAIN","225694","8/5/2021","Friendly","20","2"
"Andre.","#QPQ802Y0C","Mini Matter","SN JAIN","225694","8/5/2021","Friendly","20","2"
"Duckman","#LC9QCR9YQ","Mini Matter","SN JAIN","225694","8/5/2021","Friendly","20","2"
"Mr. Coco 1.2","#QY299LG90","Mini Matter","SN JAIN","225694","8/5/2021","Friendly","20","2"
"Tommy","#9PL0JPVP9","Mini Matter","SN JAIN","225694","8/5/2021","Friendly","20","2"
"DocDon","#PYV2U22QP","Mini Matter","SN JAIN","225694","8/5/2021","Friendly","20","2"
"Monkeylette","#PV2CG0YJ8","Mini Matter","SN JAIN","225694","8/5/2021","Friendly","20","2"
"Darth Chewi","#Q8GPYC9PR","Mini Matter","SN JAIN","225694","8/5/2021","Friendly","20","2"
"Doorman SP","#L20CJU9C0","Mini Matter","SN JAIN","225694","8/5/2021","Friendly","20","2"
"panda","#QPYG2UYJP","Mini Matter","SN JAIN","225694","8/5/2021","Friendly","20","2"
"Curtickle","#Q08UPC0G","Endor","✌✌الهيبة✌✌","222508","8/4/2021","CWL","30","1"
"SIMI","#288JCJ9VR","Killer_Black_Wf","Dark demons","220078","8/3/2021","CWL","15","1"
"Teyang konyak","#LUVPGC22L","SN JAIN","Mini Matter","225626","8/3/2021","Friendly","15","2"
"Ntfb_Slay","#Q2C9R2LY9","SN JAIN","Mini Matter","225626","8/3/2021","Friendly","15","1"
"Globslashes","#QPGJUL0PC","SN JAIN","Mini Matter","225626","8/3/2021","Friendly","15","2"
"Oo Zaw TT","#QPGC908VQ","SN JAIN","Mini Matter","225626","8/3/2021","Friendly","15","2"
"alli","#QPVY0GPCC","SN JAIN","Mini Matter","225626","8/3/2021","Friendly","15","1"
"NinesOoalGown","#QPVQPR8GL","SN JAIN","Mini Matter","225626","8/3/2021","Friendly","15","2"
"靓仔","#QPG90CYVQ","SN JAIN","Mini Matter","225626","8/3/2021","Friendly","15","2"
"R..I..D..E..R","#YCVVG992L","SN JAIN","Mini Matter","225626","8/3/2021","Friendly","15","2"
"sheep","#QQL0QQ9G0","SN JAIN","Mini Matter","225626","8/3/2021","Friendly","15","2"
"NicoGreeko","#QYV2RVL80","SN JAIN","Mini Matter","225626","8/3/2021","Friendly","15","2"
"Kakitani","#QL0CJCP0P","SN JAIN","Mini Matter","225626","8/3/2021","Friendly","15","2"
"太阳部落冲突","#L28JPL9R","SN JAIN","Mini Matter","225626","8/3/2021","Friendly","15","2"
"haley","#Q9PVV2CGR","SN JAIN","Mini Matter","225626","8/3/2021","Friendly","15","2"
"texanji","#QP820PV88","SN JAIN","Mini Matter","225626","8/3/2021","Friendly","15","2"
"SHINYSHOOTER","#Q80UPV2GJ","SN JAIN","Mini Matter","225626","8/3/2021","Friendly","15","2"
"Sid4realtho","#YQUC0QLY8","Mini Matter","SN JAIN","225639","8/3/2021","Friendly","15","2"
"rio","#Q2P20V2J0","Mini Matter","SN JAIN","225639","8/3/2021","Friendly","15","2"
"Karaka","#QPQCLG809","Mini Matter","SN JAIN","225639","8/3/2021","Friendly","15","2"
"punyhuman","#QY9CLP9CG","Mini Matter","SN JAIN","225639","8/3/2021","Friendly","15","2"
"Alex The Brave","#Q8YQ0CCQ2","Mini Matter","SN JAIN","225639","8/3/2021","Friendly","15","2"
"Andre.","#QPQ802Y0C","Mini Matter","SN JAIN","225639","8/3/2021","Friendly","15","2"
"morf0wt","#QYG9PVYJP","Mini Matter","SN JAIN","225639","8/3/2021","Friendly","15","2"
"Duckman","#LC9QCR9YQ","Mini Matter","SN JAIN","225639","8/3/2021","Friendly","15","2"
"Booger County","#QY92C9CVV","Mini Matter","SN JAIN","225639","8/3/2021","Friendly","15","2"
"CaptainBowie","#QGYCJ8RQQ","Mini Matter","SN JAIN","225639","8/3/2021","Friendly","15","2"
"DocDon","#PYV2U22QP","Mini Matter","SN JAIN","225639","8/3/2021","Friendly","15","2"
"Monkeylette","#PV2CG0YJ8","Mini Matter","SN JAIN","225639","8/3/2021","Friendly","15","2"
"Darth Chewi","#Q8GPYC9PR","Mini Matter","SN JAIN","225639","8/3/2021","Friendly","15","2"
"panda","#QPYG2UYJP","Mini Matter","SN JAIN","225639","8/3/2021","Friendly","15","2"
"Teyang konyak","#LUVPGC22L","SN JAIN","Mini Matter","217408","7/31/2021","Friendly","15","2"
"BRO HENG SOLO","#LU022RGGR","SN JAIN","Mini Matter","217408","7/31/2021","Friendly","15","1"
"kaitlyn101","#LVJPC2LRQ","SN JAIN","Mini Matter","217408","7/31/2021","Friendly","15","2"
"Dunk & Swish","#Q2C9P9GCG","SN JAIN","Mini Matter","217408","7/31/2021","Friendly","15","2"
"Globslashes","#QPGJUL0PC","SN JAIN","Mini Matter","217408","7/31/2021","Friendly","15","2"
"SnuG","#QYR89C80Y","SN JAIN","Mini Matter","217408","7/31/2021","Friendly","15","2"
"Olle","#QYRPQQVGR","SN JAIN","Mini Matter","217408","7/31/2021","Friendly","15","2"
"Karizma","#80JLVUJYV","SN JAIN","Mini Matter","217408","7/31/2021","Friendly","15","2"
"Sheen519","#QQLL9PJYJ","SN JAIN","Mini Matter","217408","7/31/2021","Friendly","15","2"
"gohnseena","#Q88PPJCG0","SN JAIN","Mini Matter","217408","7/31/2021","Friendly","15","2"
"santi","#Q9JV8Q8PV","SN JAIN","Mini Matter","217408","7/31/2021","Friendly","15","2"
"rio","#Q2P20V2J0","Mini Matter","SN JAIN","217414","7/31/2021","Friendly","15","2"
"punyhuman","#QY9CLP9CG","Mini Matter","SN JAIN","217414","7/31/2021","Friendly","15","2"
"Alex The Brave","#Q8YQ0CCQ2","Mini Matter","SN JAIN","217414","7/31/2021","Friendly","15","2"
"Dream v2","#Q9PC8PJYJ","Mini Matter","SN JAIN","217414","7/31/2021","Friendly","15","2"
"morf0wt","#QYG9PVYJP","Mini Matter","SN JAIN","217414","7/31/2021","Friendly","15","1"
"Duckman","#LC9QCR9YQ","Mini Matter","SN JAIN","217414","7/31/2021","Friendly","15","2"
"panda","#QPYG2UYJP","Mini Matter","SN JAIN","217414","7/31/2021","Friendly","15","2"
"MiniPix","#LLURGGVP0","Sheer Force","Lord Titans™","216755","7/31/2021","Regular","25","2"
"wtxmp","#YUP8VPGU2","Dark Matter","ReiGn Of FiRe","216628","7/30/2021","Regular","20","1"
"Ntfb_Slay","#Q2C9R2LY9","SN JAIN","柒点伍","215775","7/30/2021","Regular","5","2"
"purlple stuff","#QY8CUPGUJ","SN JAIN","柒点伍","215775","7/30/2021","Regular","5","2"
"gohnseena","#Q88PPJCG0","SN JAIN","柒点伍","215775","7/30/2021","Regular","5","2"
"Dagerson","#V9LQRUJR","Sheer Force","Rift Nuggets","214939","7/28/2021","Regular","15","2"
"Curtickle","#Q08UPC0G","Golden Clan","쉐카이나","214121","7/27/2021","Regular","20","1"
"Teyang konyak","#LUVPGC22L","SN JAIN","friendly people","213885","7/27/2021","Regular","5","2"
"old siti","#QQGGLJU09","SN JAIN","friendly people","213885","7/27/2021","Regular","5","1"
"ur mom","#Q98RQG8V8","SN JAIN","friendly people","213885","7/27/2021","Regular","5","2"
"marleigh","#QGCLV2J0","Dark Matter","BanishDBrethreN","213365","7/26/2021","Regular","20","1"
"BedwarsOP","#Q9QV9J2L8","Legendary Monks","ИРОН","213325","7/26/2021","Regular","20","2"
"Devinn","#V0UQ2LC","Golden Clan","...3Д...","212512","7/25/2021","Regular","20","2"
"marbear","#Y8QUY2LLQ","Golden Clan","...3Д...","212512","7/25/2021","Regular","20","1"
"Harvey","#PUGJ2R0C","Golden Clan","...3Д...","212512","7/25/2021","Regular","20","1"
"Sloth","#Y9V8LUCLQ","Golden Clan","...3Д...","212512","7/25/2021","Regular","20","1"
"BRO HENG SOLO","#LU022RGGR","SN JAIN","Mini Matter","212302","7/25/2021","Friendly","20","2"
"Lawrence","#QPVVGYGP0","SN JAIN","Mini Matter","212302","7/25/2021","Friendly","20","2"
"purlple stuff","#QY8CUPGUJ","SN JAIN","Mini Matter","212302","7/25/2021","Friendly","20","2"
"Globslashes","#QPGJUL0PC","SN JAIN","Mini Matter","212302","7/25/2021","Friendly","20","2"
"Oo Zaw TT","#QPGC908VQ","SN JAIN","Mini Matter","212302","7/25/2021","Friendly","20","2"
"Evan","#QPCQJVPP9","SN JAIN","Mini Matter","212302","7/25/2021","Friendly","20","2"
"Olle","#QYRPQQVGR","SN JAIN","Mini Matter","212302","7/25/2021","Friendly","20","2"
"Non rushed","#QYRRGV9LV","SN JAIN","Mini Matter","212302","7/25/2021","Friendly","20","2"
"R..I..D..E..R","#YCVVG992L","SN JAIN","Mini Matter","212302","7/25/2021","Friendly","20","2"
"weed","#QQ9YJGYLU","SN JAIN","Mini Matter","212302","7/25/2021","Friendly","20","1"
"Sheen519","#QQLL9PJYJ","SN JAIN","Mini Matter","212302","7/25/2021","Friendly","20","2"
"zuzi","#Q9Y22UQCL","SN JAIN","Mini Matter","212302","7/25/2021","Friendly","20","2"
"ur mom","#Q98RQG8V8","SN JAIN","Mini Matter","212302","7/25/2021","Friendly","20","1"
"moro kot","#Q9GYYRCPL","SN JAIN","Mini Matter","212302","7/25/2021","Friendly","20","1"
"texanji","#QP820PV88","SN JAIN","Mini Matter","212302","7/25/2021","Friendly","20","2"
"SHINYSHOOTER","#Q80UPV2GJ","SN JAIN","Mini Matter","212302","7/25/2021","Friendly","20","2"
"rio","#Q2P20V2J0","Mini Matter","SN JAIN","212303","7/25/2021","Friendly","20","2"
"punyhuman","#QY9CLP9CG","Mini Matter","SN JAIN","212303","7/25/2021","Friendly","20","2"
"Alex The Brave","#Q8YQ0CCQ2","Mini Matter","SN JAIN","212303","7/25/2021","Friendly","20","2"
"Duckman","#LC9QCR9YQ","Mini Matter","SN JAIN","212303","7/25/2021","Friendly","20","1"
"mafia king","#Q00RY9UCQ","Mini Matter","SN JAIN","212303","7/25/2021","Friendly","20","2"
"Muthu","#QQJU08JU9","Mini Matter","SN JAIN","212303","7/25/2021","Friendly","20","2"
"CLAN_MASTER_99","#V0R98V8","Legendary Monks","TEAM LEGENDS™","211718","7/24/2021","Regular","25","2"
"EmilianoBruh","#LYJVCUGRU","Legendary Monks","TEAM LEGENDS™","211718","7/24/2021","Regular","25","2"
"Elusive","#PJRGJUY08","Golden Clan","ChokroOfClan","210909","7/23/2021","Regular","20","1"
"Ntfb_Slay","#Q2C9R2LY9","SN JAIN","Mini Matter","210347","7/22/2021","Friendly","20","2"
"Dunk & Swish","#Q2C9P9GCG","SN JAIN","Mini Matter","210347","7/22/2021","Friendly","20","2"
"purlple stuff","#QY8CUPGUJ","SN JAIN","Mini Matter","210347","7/22/2021","Friendly","20","2"
"Globslashes","#QPGJUL0PC","SN JAIN","Mini Matter","210347","7/22/2021","Friendly","20","2"
"Oo Zaw TT","#QPGC908VQ","SN JAIN","Mini Matter","210347","7/22/2021","Friendly","20","2"
"靓仔","#QPG90CYVQ","SN JAIN","Mini Matter","210347","7/22/2021","Friendly","20","2"
"akash","#QYLLV8L02","SN JAIN","Mini Matter","210347","7/22/2021","Friendly","20","1"
"Evan","#QPCQJVPP9","SN JAIN","Mini Matter","210347","7/22/2021","Friendly","20","2"
"Olle","#QYRPQQVGR","SN JAIN","Mini Matter","210347","7/22/2021","Friendly","20","2"
"Non rushed","#QYRRGV9LV","SN JAIN","Mini Matter","210347","7/22/2021","Friendly","20","2"
"flavian","#QYVR8L089","SN JAIN","Mini Matter","210347","7/22/2021","Friendly","20","2"
"weed","#QQ9YJGYLU","SN JAIN","Mini Matter","210347","7/22/2021","Friendly","20","2"
"RoxnicMooN","#QG8809QRG","SN JAIN","Mini Matter","210347","7/22/2021","Friendly","20","2"
"texanji","#QP820PV88","SN JAIN","Mini Matter","210347","7/22/2021","Friendly","20","2"
"SHINYSHOOTER","#Q80UPV2GJ","SN JAIN","Mini Matter","210347","7/22/2021","Friendly","20","2"
"rio","#Q2P20V2J0","Mini Matter","SN JAIN","210351","7/22/2021","Friendly","20","2"
"Karaka","#QPQCLG809","Mini Matter","SN JAIN","210351","7/22/2021","Friendly","20","1"
"punyhuman","#QY9CLP9CG","Mini Matter","SN JAIN","210351","7/22/2021","Friendly","20","2"
"Alex The Brave","#Q8YQ0CCQ2","Mini Matter","SN JAIN","210351","7/22/2021","Friendly","20","2"
"Duckman","#LC9QCR9YQ","Mini Matter","SN JAIN","210351","7/22/2021","Friendly","20","2"
"panda","#QPYG2UYJP","Mini Matter","SN JAIN","210351","7/22/2021","Friendly","20","2"
"Kaiser","#LV8PGYGLL","Legendary Monks","zukazuke","209488","7/22/2021","Regular","30","2"
"SIMI","#288JCJ9VR","Legendary Monks","zukazuke","209488","7/22/2021","Regular","30","1"
"kingTzilla","#2LQ9Y8CUR","Legendary Monks","zukazuke","209488","7/22/2021","Regular","30","2"
"♣Rolf Willian ♥","#PPCL2YUV","Legendary Monks","zukazuke","209488","7/22/2021","Regular","30","2"
"Hannibal Lecter","#QLP92PVVV","Legendary Monks","zukazuke","209488","7/22/2021","Regular","30","1"
"MY5T3RY5M4RT13","#L0JV0LQR0","Sheer Force","Paradox","209415","7/21/2021","Regular","15","2"
"Ntfb_Slay","#Q2C9R2LY9","SN JAIN","∅∅∅∅∅∅∅∅∅∅∅∅∅∅∅","208727","7/21/2021","Regular","5","1"
"cgrice10","#QYCUUVYRL","SN JAIN","∅∅∅∅∅∅∅∅∅∅∅∅∅∅∅","208727","7/21/2021","Regular","5","2"
"GAWD","#PJCPC8280","Golden Clan","SEMLEHOY","208708","7/21/2021","Regular","25","1"
"Andre.","#QPQ802Y0C","Mini Matter","اسپارتاکوس","208572","7/20/2021","Regular","20","1"
"demonboy","#Q2RRC0JYP","Mini Matter","اسپارتاکوس","208572","7/20/2021","Regular","20","2"
"yosoyyo","#QPQRVL802","Mini Matter","اسپارتاکوس","208572","7/20/2021","Regular","20","1"
"Onahole","#8PP29PLC8","Legendary Monks","4K ELITE BR","207714","7/19/2021","Regular","30","1"
"Frice","#QP8YY2YQQ","Legendary Monks","4K ELITE BR","207714","7/19/2021","Regular","30","1"
"MiniPix","#LLURGGVP0","Sheer Force","حبيتك @ بالحرب","207608","7/19/2021","Regular","15","2"
"marbear","#Y8QUY2LLQ","Golden Clan","❌✅❌✅","206968","7/18/2021","Regular","25","1"
"Hut 9","#PGRCLG2JU","Golden Clan","❌✅❌✅","206968","7/18/2021","Regular","25","2"
"Gutti Guy","#2YYL8LC9Q","Dark Matter","EJECUTORES","206859","7/18/2021","Regular","20","1"
"Trap Master","#2JQGJ8LU9","Dark Matter","EJECUTORES","206859","7/18/2021","Regular","20","1"
"Willy","#22Q8Y2CU9","Dark Matter","EJECUTORES","206859","7/18/2021","Regular","20","1"
"Ntfb_Slay","#Q2C9R2LY9","SN JAIN","Mini Matter","206895","7/18/2021","Friendly","30","1"
"Dunk & Swish","#Q2C9P9GCG","SN JAIN","Mini Matter","206895","7/18/2021","Friendly","30","2"
"Suvo","#QYGQUJQ8Q","SN JAIN","Mini Matter","206895","7/18/2021","Friendly","30","2"
"purlple stuff","#QY8CUPGUJ","SN JAIN","Mini Matter","206895","7/18/2021","Friendly","30","2"
"Globslashes","#QPGJUL0PC","SN JAIN","Mini Matter","206895","7/18/2021","Friendly","30","2"
"靓仔","#QPG90CYVQ","SN JAIN","Mini Matter","206895","7/18/2021","Friendly","30","2"
"akash","#QYLLV8L02","SN JAIN","Mini Matter","206895","7/18/2021","Friendly","30","1"
"Lei","#QYVPLCC8J","SN JAIN","Mini Matter","206895","7/18/2021","Friendly","30","2"
"E8Perc30","#QPVV8C2UV","SN JAIN","Mini Matter","206895","7/18/2021","Friendly","30","2"
"Evan","#QPCQJVPP9","SN JAIN","Mini Matter","206895","7/18/2021","Friendly","30","2"
"SnuG","#QYR89C80Y","SN JAIN","Mini Matter","206895","7/18/2021","Friendly","30","2"
"Olle","#QYRPQQVGR","SN JAIN","Mini Matter","206895","7/18/2021","Friendly","30","2"
"Non rushed","#QYRRGV9LV","SN JAIN","Mini Matter","206895","7/18/2021","Friendly","30","2"
"flavian","#QYVR8L089","SN JAIN","Mini Matter","206895","7/18/2021","Friendly","30","2"
"weed","#QQ9YJGYLU","SN JAIN","Mini Matter","206895","7/18/2021","Friendly","30","2"
"RoxnicMooN","#QG8809QRG","SN JAIN","Mini Matter","206895","7/18/2021","Friendly","30","2"
"ur mom","#Q98RQG8V8","SN JAIN","Mini Matter","206895","7/18/2021","Friendly","30","2"
"texanji","#QP820PV88","SN JAIN","Mini Matter","206895","7/18/2021","Friendly","30","2"
"withhall","#QP890RQLC","SN JAIN","Mini Matter","206895","7/18/2021","Friendly","30","2"
"SHINYSHOOTER","#Q80UPV2GJ","SN JAIN","Mini Matter","206895","7/18/2021","Friendly","30","2"
"lana","#LVR8CYRLY","Mini Matter","SN JAIN","206891","7/18/2021","Friendly","30","2"
"Alex The Brave","#Q8YQ0CCQ2","Mini Matter","SN JAIN","206891","7/18/2021","Friendly","30","2"
"Dream v2","#Q9PC8PJYJ","Mini Matter","SN JAIN","206891","7/18/2021","Friendly","30","2"
"olive","#QY82PQ8G8","Mini Matter","SN JAIN","206891","7/18/2021","Friendly","30","2"
"Booger County","#QY92C9CVV","Mini Matter","SN JAIN","206891","7/18/2021","Friendly","30","2"
"Nardõ","#L0C200C92","Mini Matter","SN JAIN","206891","7/18/2021","Friendly","30","2"
"NINA","#QYRCYRLGU","Mini Matter","SN JAIN","206891","7/18/2021","Friendly","30","2"
"demonboy","#Q2RRC0JYP","Mini Matter","SN JAIN","206891","7/18/2021","Friendly","30","1"
"killer","#QP2YUPP00","Mini Matter","SN JAIN","206891","7/18/2021","Friendly","30","2"
"rgd123","#YVLVRQR8R","Legendary Monks","the legandary","205780","7/17/2021","Regular","30","2"
"luceferon j.","#PLPVL8UUU","Legendary Monks","the legandary","205780","7/17/2021","Regular","30","2"
"Makingking22","#LULPR2R22","Legendary Monks","the legandary","205780","7/17/2021","Regular","30","1"
"SkyNet","#292LQVGP8","Sheer Force","Devil","205246","7/16/2021","Regular","15","1"
"MiniPix","#LLURGGVP0","Sheer Force","Devil","205246","7/16/2021","Regular","15","2"
"Ntfb_Slay","#Q2C9R2LY9","SN JAIN","okok","205214","7/16/2021","Regular","5","1"
"/AaRoN\","#YV9P9GC0P","Golden Clan","Lazy Warriors","205110","7/16/2021","Regular","25","1"
"Grandma 去","#P29R0UYJP","Golden Clan","Lazy Warriors","205110","7/16/2021","Regular","25","1"
"Sug","#2990QPY0","Dark Matter","مغاوير لبنان","205015","7/16/2021","Regular","20","1"
"Frice","#QP8YY2YQQ","Legendary Monks","Godric's Hollow","203858","7/15/2021","Regular","25","1"
"Sir Exterminate","#2P02RVJUY","Sheer Force","Munkee Island","203549","7/14/2021","Regular","15","2"
"MiniPix","#LLURGGVP0","Sheer Force","Munkee Island","203549","7/14/2021","Regular","15","2"
"寄付者Karuko","#LV9RCGYCY","SN JAIN","Rage","203495","7/14/2021","Regular","5","1"
"Non rushed","#QYRRGV9LV","SN JAIN","Rage","203495","7/14/2021","Regular","5","2"
"marbabe","#Y9CP0YPC8","Sheer Force","#Welcome2Gemini","201266","7/12/2021","Regular","15","2"
"Pixalite","#29Q8Y200G","Sheer Force","#Welcome2Gemini","201266","7/12/2021","Regular","15","1"
"MiniPix","#LLURGGVP0","Sheer Force","#Welcome2Gemini","201266","7/12/2021","Regular","15","2"
"寄付者Karuko","#LV9RCGYCY","SN JAIN","Mini Matter","201216","7/12/2021","Friendly","25","1"
"ياسر","#QYQY8RLPL","SN JAIN","Mini Matter","201216","7/12/2021","Friendly","25","1"
"rushed base):","#QYR9RQP0Q","SN JAIN","Mini Matter","201216","7/12/2021","Friendly","25","2"
"Lei","#QYVPLCC8J","SN JAIN","Mini Matter","201216","7/12/2021","Friendly","25","2"
"aww","#QY08LLYLR","SN JAIN","Mini Matter","201216","7/12/2021","Friendly","25","2"
"KHANN","#LRL2JLVGL","SN JAIN","Mini Matter","201216","7/12/2021","Friendly","25","2"
"T h e R O M I","#QG8L02GCG","SN JAIN","Mini Matter","201216","7/12/2021","Friendly","25","2"
"sazorslash","#QQCY2PQLJ","SN JAIN","Mini Matter","201216","7/12/2021","Friendly","25","2"
"zuzi","#Q9Y22UQCL","SN JAIN","Mini Matter","201216","7/12/2021","Friendly","25","1"
"texanji","#QP820PV88","SN JAIN","Mini Matter","201216","7/12/2021","Friendly","25","1"
"SHINYSHOOTER","#Q80UPV2GJ","SN JAIN","Mini Matter","201216","7/12/2021","Friendly","25","2"
"Prokash","#Q80VY0UGQ","SN JAIN","Mini Matter","201216","7/12/2021","Friendly","25","1"
"Alex The Brave","#Q8YQ0CCQ2","Mini Matter","SN JAIN","201217","7/12/2021","Friendly","25","2"
"Ｃｌａｓｈｏｆ ｃｌａｎｓ","#QYQ0Q8V0Q","Mini Matter","SN JAIN","201217","7/12/2021","Friendly","25","2"
"ashtan","#QYRQPG2R9","Mini Matter","SN JAIN","201217","7/12/2021","Friendly","25","2"
"Extra Sour","#QY9CQ022P","Mini Matter","SN JAIN","201217","7/12/2021","Friendly","25","2"
"papi","#QYYJ2R2LR","Mini Matter","SN JAIN","201217","7/12/2021","Friendly","25","2"
"PUFF","#9VGJPVLVY","Mini Matter","SN JAIN","201217","7/12/2021","Friendly","25","2"
"Elusive 2","#QPVGQJPPY","Mini Matter","SN JAIN","201217","7/12/2021","Friendly","25","2"
"bane","#Q92JLCUL8","Mini Matter","SN JAIN","201217","7/12/2021","Friendly","25","2"
"RainDrop","#2PC29QG0J","Golden Clan","Casual Day 2.0","201148","7/12/2021","Regular","20","2"
"Warlords Outcry","#VG0PV298","Golden Clan","Casual Day 2.0","201148","7/12/2021","Regular","20","1"
"Lindberghh II","#LUCC0GYPY","Golden Clan","Casual Day 2.0","201148","7/12/2021","Regular","20","2"
"Andre.","#QPQ802Y0C","Mini Matter","MARVEL studios","199855","7/10/2021","Regular","20","1"
"Bean Water","#QYLPVRRRY","Mini Matter","MARVEL studios","199855","7/10/2021","Regular","20","2"
"chris","#LCPY89G2L","Mini Matter","MARVEL studios","199855","7/10/2021","Regular","20","2"
"Logan","#280QYU8Y","PETARUNG SEJATI","若花三千只娶一朵","198927","7/9/2021","CWL","30","1"
"Alex The Brave","#Q8YQ0CCQ2","Mini Matter","YABE GUYs","192172","7/7/2021","Regular","15","1"
"clippers","#QPV29LPQC","Mini Matter","YABE GUYs","192172","7/7/2021","Regular","15","1"
"Lindberghh","#YG8UYCY02","PETARUNG SEJATI","Fat Coc","182087","7/3/2021","CWL","30","1"
"Nick v2","#QPCGUVVQC","Legendary Monks","KING OF INA","178884","6/30/2021","Regular","25","1"
"Cytosed","#QP90VG0VC","Sheer Force","LEGENDARIOS","178824","6/30/2021","Regular","20","2"
"MiniPix","#LLURGGVP0","Sheer Force","LEGENDARIOS","178824","6/30/2021","Regular","20","2"
"Rohan2202","#9V8QQG9QC","Killer_Black_Wf","Spartans","178614","6/29/2021","Regular","25","1"
"Lindberghh II","#LUCC0GYPY","Killer_Black_Wf","Spartans","178614","6/29/2021","Regular","25","1"
"WOUTER","#22200C9QL","Killer_Black_Wf","Spartans","178614","6/29/2021","Regular","25","2"
"MiniPix","#LLURGGVP0","Sheer Force","ADICTOS a CoC","177369","6/28/2021","Regular","20","2"
"Sammy","#Q29URRVYG","Mini Matter","топ","175864","6/26/2021","Regular","25","1"
"Dream v2","#Q9PC8PJYJ","Mini Matter","топ","175864","6/26/2021","Regular","25","2"
"Bean Water","#QYLPVRRRY","Mini Matter","топ","175864","6/26/2021","Regular","25","1"
"dev","#QLUPYVV2U","Mini Matter","топ","175864","6/26/2021","Regular","25","2"
"Cytosed","#QP90VG0VC","Sheer Force","olboi","175807","6/25/2021","Regular","20","1"
"MiniPix","#LLURGGVP0","Sheer Force","olboi","175807","6/25/2021","Regular","20","2"
"HS McChicken","#C08PVLUU","Dark Matter","The Rider 3","175095","6/24/2021","Regular","25","1"
"MiniPix","#LLURGGVP0","Sheer Force","BIG CLAN","174276","6/23/2021","Regular","20","2"
"rūku","#QP2Q89982","Mini Matter","丐帮—上海分帮","173750","6/23/2021","Regular","25","2"
"Solaar","#QPYCLQPVG","Mini Matter","丐帮—上海分帮","173750","6/23/2021","Regular","25","2"
"cale","#QYPCLUQCY","Mini Matter","丐帮—上海分帮","173750","6/23/2021","Regular","25","2"
"doe","#Q9UQ0JRQC","Mini Matter","丐帮—上海分帮","173750","6/23/2021","Regular","25","2"
"doug","#QLUPC22RJ","Mini Matter","丐帮—上海分帮","173750","6/23/2021","Regular","25","2"
"muxtar","#QL0VGGVUG","Mini Matter","丐帮—上海分帮","173750","6/23/2021","Regular","25","2"
"Unmesh","#Q902PRLCQ","Mini Matter","丐帮—上海分帮","173750","6/23/2021","Regular","25","1"
"Ed","#2VUUV2VJ2","Killer_Black_Wf","Lehre egoista","173660","6/23/2021","Regular","20","2"
"NotHarvey","#PJU2JYQVJ","Killer_Black_Wf","Lehre egoista","173660","6/23/2021","Regular","20","2"
"Shadvox","#RYC8LYG2","Sheer Force","Alcateia BS","172603","6/21/2021","Regular","20","1"
"MiniPix","#LLURGGVP0","Sheer Force","Alcateia BS","172603","6/21/2021","Regular","20","2"
"Master Of ATT","#YY8YQCPP8","Legendary Monks","Suniran","172547","6/21/2021","Regular","25","1"
"OGclashplayer","#L202YPUR8","Legendary Monks","Suniran","172547","6/21/2021","Regular","25","2"
"Darth Kenobi","#LQLRRPL2J","Dark Matter","Ph cw™","171797","6/20/2021","Regular","25","2"
"Alex The Great","#Q9P9JCVRV","Dark Matter","Ph cw™","171797","6/20/2021","Regular","25","2"
"THE DARK VENOM","#UGYUR2V9","Killer_Black_Wf","LOS JOTUNS","171750","6/20/2021","Regular","20","1"
"DonCorleone","#2CYVR82QQ","Killer_Black_Wf","LOS JOTUNS","171750","6/20/2021","Regular","20","1"
"Pork_Adobo","#QU29PUQ8","Sheer Force","浪里白兔村","170864","6/19/2021","Regular","20","2"
"NG","#99QG0020J","Sheer Force","浪里白兔村","170864","6/19/2021","Regular","20","2"
"Pixalite","#29Q8Y200G","Sheer Force","浪里白兔村","170864","6/19/2021","Regular","20","2"
"Right Pix","#9PJG98QCR","Sheer Force","浪里白兔村","170864","6/19/2021","Regular","20","2"
"SkyNet","#292LQVGP8","Sheer Force","浪里白兔村","170864","6/19/2021","Regular","20","1"
"MiniPix","#LLURGGVP0","Sheer Force","浪里白兔村","170864","6/19/2021","Regular","20","2"
"prelor","#80PV0Q0U2","Legendary Monks","™ANBU PH™","170837","6/19/2021","Regular","25","2"
"laruee47","#QYU0RRGJL","Legendary Monks","™ANBU PH™","170837","6/19/2021","Regular","25","2"
"Iker","#LUJPRP820","Mini Matter","牛仔磊哥","170545","6/19/2021","Regular","20","2"
"tanvir","#QPVCJ8YY2","Mini Matter","牛仔磊哥","170545","6/19/2021","Regular","20","1"
"Alex The Brave","#Q8YQ0CCQ2","Mini Matter","牛仔磊哥","170545","6/19/2021","Regular","20","2"
"Midnight Purple","#Q9Y2R8VVJ","Mini Matter","牛仔磊哥","170545","6/19/2021","Regular","20","2"
"Aurora","#LQYQLGRQY","Dark Matter","黑溜BLUE","170173","6/18/2021","Regular","25","1"
"Ed","#2VUUV2VJ2","Killer_Black_Wf","Rated R","169553","6/18/2021","Regular","20","2"
"THUNDERPULSE360","#PGY0Q9Q2L","Killer_Black_Wf","Rated R","169553","6/18/2021","Regular","20","1"
"Bry Guy 64","#9JVPRYRQ8","Sheer Force","Real Madrid","169263","6/17/2021","Regular","20","1"
"MiniPix","#LLURGGVP0","Sheer Force","Real Madrid","169263","6/17/2021","Regular","20","2"
"Master Of ATT","#YY8YQCPP8","Legendary Monks","King Clan","168759","6/17/2021","Regular","20","2"
"laruee47","#QYU0RRGJL","Legendary Monks","King Clan","168759","6/17/2021","Regular","20","2"
"Dream v2","#Q9PC8PJYJ","Mini Matter","萌萌的史莱姆","168747","6/17/2021","Regular","25","1"
"doe","#Q9UQ0JRQC","Mini Matter","萌萌的史莱姆","168747","6/17/2021","Regular","25","1"
"aung","#QY0JGCRCG","Mini Matter","萌萌的史莱姆","168747","6/17/2021","Regular","25","2"
"doug","#QLUPC22RJ","Mini Matter","萌萌的史莱姆","168747","6/17/2021","Regular","25","1"
"dev","#QLUPYVV2U","Mini Matter","萌萌的史莱姆","168747","6/17/2021","Regular","25","1"
"Apex","#Q8RQ8LGLC","Mini Matter","萌萌的史莱姆","168747","6/17/2021","Regular","25","2"
"Unmesh","#Q902PRLCQ","Mini Matter","萌萌的史莱姆","168747","6/17/2021","Regular","25","1"
"Lost","#Q8YJU8G0J","Mini Matter","萌萌的史莱姆","168747","6/17/2021","Regular","25","2"
"mkoko","#LCG2QCPJG","Mini Matter","萌萌的史莱姆","168747","6/17/2021","Regular","25","2"
"NotHarvey","#PJU2JYQVJ","Killer_Black_Wf","RDX","167911","6/15/2021","Regular","20","2"
"MiniPix","#LLURGGVP0","Sheer Force","Empire","167616","6/15/2021","Regular","15","2"
"diego","#QPC9QRCLY","Mini Matter","الحب والحروب","166828","6/14/2021","Regular","25","2"
"noah","#Q9JRVQVQG","Mini Matter","الحب والحروب","166828","6/14/2021","Regular","25","2"
"Ï§§ãç","#QPRL99U29","Mini Matter","الحب والحروب","166828","6/14/2021","Regular","25","2"
"jawnny","#QPVPQJGC9","Mini Matter","الحب والحروب","166828","6/14/2021","Regular","25","2"
"Match Attax","#8LU98GJ0L","Mini Matter","الحب والحروب","166828","6/14/2021","Regular","25","2"
"Connelly325","#QY9PVV8VJ","Mini Matter","الحب والحروب","166828","6/14/2021","Regular","25","2"
"KURVICA .B","#QQQUPCLVQ","Mini Matter","الحب والحروب","166828","6/14/2021","Regular","25","2"
"tankdaddy","#Q9LCCPYYQ","Mini Matter","الحب والحروب","166828","6/14/2021","Regular","25","2"
"quartxy","#Q8Q098R22","Mini Matter","الحب والحروب","166828","6/14/2021","Regular","25","2"
"my love","#Q29LG090U","Mini Matter","الحب والحروب","166828","6/14/2021","Regular","25","2"
"Trap Master","#2JQGJ8LU9","Dark Matter","XS","166790","6/14/2021","Regular","20","1"
"Aurora","#LQYQLGRQY","Dark Matter","XS","166790","6/14/2021","Regular","20","1"
"GAWD","#PJCPC8280","Sheer Force","INDIAN KING","166091","6/13/2021","Regular","20","2"
"MiniPix","#LLURGGVP0","Sheer Force","INDIAN KING","166091","6/13/2021","Regular","20","2"
"THE DARK VENOM","#UGYUR2V9","Killer_Black_Wf","I.B.M.H","165955","6/13/2021","Regular","25","1"
"WOUTER","#22200C9QL","Killer_Black_Wf","I.B.M.H","165955","6/13/2021","Regular","25","2"
"Chewi","#9YUP2GLCY","Dark Matter","manchester utd","165223","6/12/2021","Regular","20","1"
"Aid2","#8LY0RYJ28","Dark Matter","manchester utd","165223","6/12/2021","Regular","20","1"
"Drago","#JGYQV8GL","Dark Matter","manchester utd","165223","6/12/2021","Regular","20","1"
"Sug","#2990QPY0","Dark Matter","manchester utd","165223","6/12/2021","Regular","20","1"
"Harsh (gt)25","#2CJPGVLQ2","PETARUNG SEJATI","iPEDCLAN2","162626","6/9/2021","CWL","30","1"
"Logan","#280QYU8Y","PETARUNG SEJATI","iPEDCLAN2","162626","6/9/2021","CWL","30","1"
"Bry Guy 64","#9JVPRYRQ8","PETARUNG SEJATI","KUKI ZION CLAN","159727","6/8/2021","CWL","30","1"
"Onahole","#8PP29PLC8","Endor","Oravița Masters","156746","6/7/2021","CWL","30","1"
"Liam7210","#GJG9RCGJ","PETARUNG SEJATI","Dutch Knight","151218","6/5/2021","CWL","30","1"
"Logan","#280QYU8Y","PETARUNG SEJATI","Dutch Knight","151218","6/5/2021","CWL","30","1"
"go easy on me","#LJVCYVPV9","Endor","¡MdnghtTicklrz!","151063","6/5/2021","CWL","30","1"
"Ossamy","#880R20PC","Endor","Legendary Monks","144324","6/1/2021","Friendly","30","1"
"Blue","#JCYYY9VY","Endor","Legendary Monks","144324","6/1/2021","Friendly","30","2"
"☠Đℯa†ℌ⓻⓻ℜℯa℘ℯŗ☠","#2G9JJRVRG","Endor","Legendary Monks","144324","6/1/2021","Friendly","30","2"
"Ossamy","#LCJ088C2","Endor","Legendary Monks","144324","6/1/2021","Friendly","30","2"
"BK1","#LRUGQY80P","Endor","Legendary Monks","144324","6/1/2021","Friendly","30","2"
"Tricky","#RGVCJJUY","Endor","Legendary Monks","144324","6/1/2021","Friendly","30","2"
"Luca","#8J2LGRUU","Endor","Legendary Monks","144324","6/1/2021","Friendly","30","1"
"/AaRoN\","#YV9P9GC0P","Endor","Legendary Monks","144324","6/1/2021","Friendly","30","1"
"CHAOS","#YV2P9Q88Q","Endor","Legendary Monks","144324","6/1/2021","Friendly","30","2"
"Grandma 去","#P29R0UYJP","Endor","Legendary Monks","144324","6/1/2021","Friendly","30","2"
"Dagerson","#V9LQRUJR","Endor","Legendary Monks","144324","6/1/2021","Friendly","30","2"
"Xenpachi","#LJJLUL92L","Endor","Legendary Monks","144324","6/1/2021","Friendly","30","2"
"Lørd Lannister","#LCC0QUJPG","Endor","Legendary Monks","144324","6/1/2021","Friendly","30","2"
"luvly","#Q9GPQ08Y8","Endor","Legendary Monks","144324","6/1/2021","Friendly","30","2"
"Harvey","#PUGJ2R0C","Endor","Legendary Monks","144324","6/1/2021","Friendly","30","2"
"Sloth","#Y9V8LUCLQ","Endor","Legendary Monks","144324","6/1/2021","Friendly","30","2"
"bibhu","#9R9JP000V","Endor","Legendary Monks","144324","6/1/2021","Friendly","30","2"
"Kramer","#YYLC2CJ20","Endor","Legendary Monks","144324","6/1/2021","Friendly","30","1"
"go easy on me","#LJVCYVPV9","Endor","Legendary Monks","144324","6/1/2021","Friendly","30","2"
"justus","#Q9J8R2JQL","Mini Matter","FOREVER","143582","6/1/2021","Regular","20","2"
"RickyThe3rd","#Q9LPJ8882","Mini Matter","FOREVER","143582","6/1/2021","Regular","20","2"
"F.I.N.E.","#99Q0PLVPC","Endor","ReqReceiveN WAR","144260","5/31/2021","Friendly","40","2"
"Warlords Outcry","#VG0PV298","Endor","ReqReceiveN WAR","144260","5/31/2021","Friendly","40","1"
"Ossamy","#880R20PC","Endor","ReqReceiveN WAR","144260","5/31/2021","Friendly","40","1"
"Blue","#JCYYY9VY","Endor","ReqReceiveN WAR","144260","5/31/2021","Friendly","40","2"
"Pixalite","#29Q8Y200G","Endor","ReqReceiveN WAR","144260","5/31/2021","Friendly","40","2"
"☠Đℯa†ℌ⓻⓻ℜℯa℘ℯŗ☠","#2G9JJRVRG","Endor","ReqReceiveN WAR","144260","5/31/2021","Friendly","40","2"
"Ossamy","#LCJ088C2","Endor","ReqReceiveN WAR","144260","5/31/2021","Friendly","40","2"
"Trap Master","#2JQGJ8LU9","Endor","ReqReceiveN WAR","144260","5/31/2021","Friendly","40","2"
"Baby Dragon","#LPU228892","Endor","ReqReceiveN WAR","144260","5/31/2021","Friendly","40","2"
"BK1","#LRUGQY80P","Endor","ReqReceiveN WAR","144260","5/31/2021","Friendly","40","2"
"Tricky","#RGVCJJUY","Endor","ReqReceiveN WAR","144260","5/31/2021","Friendly","40","2"
"Fraus","#LRQV0CPGV","Endor","ReqReceiveN WAR","144260","5/31/2021","Friendly","40","2"
"Luca","#8J2LGRUU","Endor","ReqReceiveN WAR","144260","5/31/2021","Friendly","40","2"
"Willy","#22Q8Y2CU9","Endor","ReqReceiveN WAR","144260","5/31/2021","Friendly","40","2"
"/AaRoN\","#YV9P9GC0P","Endor","ReqReceiveN WAR","144260","5/31/2021","Friendly","40","1"
"CHAOS","#YV2P9Q88Q","Endor","ReqReceiveN WAR","144260","5/31/2021","Friendly","40","2"
"Onahole","#8PP29PLC8","Endor","ReqReceiveN WAR","144260","5/31/2021","Friendly","40","2"
"Anubis","#LC2Q8UPGP","Endor","ReqReceiveN WAR","144260","5/31/2021","Friendly","40","2"
"B-Mar","#2L9VLQL0Q","Endor","ReqReceiveN WAR","144260","5/31/2021","Friendly","40","2"
"Max All B4 TH","#LGVVPPQ0C","Endor","ReqReceiveN WAR","144260","5/31/2021","Friendly","40","2"
"djdrng","#V0UQ2LC","Endor","ReqReceiveN WAR","144260","5/31/2021","Friendly","40","2"
"Dagerson","#V9LQRUJR","Endor","ReqReceiveN WAR","144260","5/31/2021","Friendly","40","2"
"Xenpachi","#LJJLUL92L","Endor","ReqReceiveN WAR","144260","5/31/2021","Friendly","40","2"
"o0o_Jerson_o0o","#PL9VLC9RP","Endor","ReqReceiveN WAR","144260","5/31/2021","Friendly","40","2"
"Wet Nightmare","#LQ0PGV0LJ","Endor","ReqReceiveN WAR","144260","5/31/2021","Friendly","40","2"
"Lørd Lannister","#LCC0QUJPG","Endor","ReqReceiveN WAR","144260","5/31/2021","Friendly","40","2"
"Optimus","#L2RCPVJV","Endor","ReqReceiveN WAR","144260","5/31/2021","Friendly","40","2"
"luvly","#Q9GPQ08Y8","Endor","ReqReceiveN WAR","144260","5/31/2021","Friendly","40","2"
"Salim","#9PVQ9RJJG","Endor","ReqReceiveN WAR","144260","5/31/2021","Friendly","40","2"
"Harvey","#PUGJ2R0C","Endor","ReqReceiveN WAR","144260","5/31/2021","Friendly","40","2"
"Sloth","#Y9V8LUCLQ","Endor","ReqReceiveN WAR","144260","5/31/2021","Friendly","40","2"
"Aurora","#LQYQLGRQY","Endor","ReqReceiveN WAR","144260","5/31/2021","Friendly","40","2"
"ᴾᴿᴼシMoнᴅκᴀιғ","#2CYVR82QQ","Endor","ReqReceiveN WAR","144260","5/31/2021","Friendly","40","2"
"bibhu","#9R9JP000V","Endor","ReqReceiveN WAR","144260","5/31/2021","Friendly","40","2"
"Kramer","#YYLC2CJ20","Endor","ReqReceiveN WAR","144260","5/31/2021","Friendly","40","2"
"S.T.A.R.","#LR0LJQ9C9","Endor","ReqReceiveN WAR","144260","5/31/2021","Friendly","40","2"
"go easy on me","#LJVCYVPV9","Endor","ReqReceiveN WAR","144260","5/31/2021","Friendly","40","2"
"Pride","#92GJ2JUCG","Endor","ReqReceiveN WAR","144260","5/31/2021","Friendly","40","2"
"ɑԵԵɑϲƘҽɾ ⓐⓕⓡⓐⓣⓗ","#YPPUPJU9U","Endor","ReqReceiveN WAR","144260","5/31/2021","Friendly","40","2"
"Warlords Outcry","#VG0PV298","Endor","Sheer Force","144079","5/31/2021","Friendly","20","2"
"Ossamy","#880R20PC","Endor","Sheer Force","144079","5/31/2021","Friendly","20","1"
"Ossamy","#LCJ088C2","Endor","Sheer Force","144079","5/31/2021","Friendly","20","1"
"BK1","#LRUGQY80P","Endor","Sheer Force","144079","5/31/2021","Friendly","20","2"
"Tricky","#RGVCJJUY","Endor","Sheer Force","144079","5/31/2021","Friendly","20","2"
"Luca","#8J2LGRUU","Endor","Sheer Force","144079","5/31/2021","Friendly","20","2"
"CHAOS","#YV2P9Q88Q","Endor","Sheer Force","144079","5/31/2021","Friendly","20","1"
"Grandma 去","#P29R0UYJP","Endor","Sheer Force","144079","5/31/2021","Friendly","20","1"
"B-Mar","#2L9VLQL0Q","Endor","Sheer Force","144079","5/31/2021","Friendly","20","2"
"djdrng","#V0UQ2LC","Endor","Sheer Force","144079","5/31/2021","Friendly","20","2"
"morfowt","#2PLJPGR0Q","Endor","Sheer Force","144079","5/31/2021","Friendly","20","2"
"Dagerson","#V9LQRUJR","Endor","Sheer Force","144079","5/31/2021","Friendly","20","1"
"o0o_Jerson_o0o","#PL9VLC9RP","Endor","Sheer Force","144079","5/31/2021","Friendly","20","1"
"Lørd Lannister","#LCC0QUJPG","Endor","Sheer Force","144079","5/31/2021","Friendly","20","1"
"Optimus","#L2RCPVJV","Endor","Sheer Force","144079","5/31/2021","Friendly","20","2"
"Harvey","#PUGJ2R0C","Endor","Sheer Force","144079","5/31/2021","Friendly","20","1"
"ᴾᴿᴼシMoнᴅκᴀιғ","#2CYVR82QQ","Endor","Sheer Force","144079","5/31/2021","Friendly","20","1"
"bibhu","#9R9JP000V","Endor","Sheer Force","144079","5/31/2021","Friendly","20","1"
"ɑԵԵɑϲƘҽɾ ⓐⓕⓡⓐⓣⓗ","#YPPUPJU9U","Endor","Sheer Force","144079","5/31/2021","Friendly","20","1"
"David","#2RYCJY9GG","Endor","Sheer Force","144079","5/31/2021","Friendly","20","1"
"Gutti Guy","#2YYL8LC9Q","Dark Matter","BACH VIET","142784","5/31/2021","Regular","30","1"
"Willy","#22Q8Y2CU9","Dark Matter","BACH VIET","142784","5/31/2021","Regular","30","2"
"Alex The Great","#Q9P9JCVRV","Dark Matter","BACH VIET","142784","5/31/2021","Regular","30","2"
"candice","#Q0VRJGQ9P","Mini Matter","댕댕CLAN","141738","5/29/2021","Regular","20","2"
"noah","#Q9JRVQVQG","Mini Matter","댕댕CLAN","141738","5/29/2021","Regular","20","2"
"carlo","#QY0VYLL8G","Mini Matter","댕댕CLAN","141738","5/29/2021","Regular","20","1"
"Darth Chewi","#Q8GPYC9PR","Mini Matter","댕댕CLAN","141738","5/29/2021","Regular","20","1"
"Sandip!","#2GCV29CGG","Dark Matter","•● Encantrix ●•","141214","5/29/2021","Regular","30","1"
"RushDon","#P88G8UJ8J","Brute Force","K.I.N.G war","139308","5/26/2021","Regular","10","2"
"Pixalite","#29Q8Y200G","Brute Force","K.I.N.G war","139308","5/26/2021","Regular","10","2"
"noah","#Q9JRVQVQG","Mini Matter","[M]ALAYSIA","139080","5/26/2021","Regular","25","1"
"Alex The Brave","#Q8YQ0CCQ2","Mini Matter","[M]ALAYSIA","139080","5/26/2021","Regular","25","2"
"edgar","#QY02090U2","Mini Matter","[M]ALAYSIA","139080","5/26/2021","Regular","25","2"
"Shloooop","#QLGUQ2C9R","Mini Matter","[M]ALAYSIA","139080","5/26/2021","Regular","25","2"
"Colt45","#Q99GRP0CQ","Mini Matter","[M]ALAYSIA","139080","5/26/2021","Regular","25","2"
"Confather","#Q28LL8JCL","Mini Matter","[M]ALAYSIA","139080","5/26/2021","Regular","25","2"
"go easy on me","#LJVCYVPV9","Dark Matter","ELITE DEAF X","137847","5/24/2021","Regular","30","1"
"Hox","#LCCUVJYQJ","Mini Matter","DJR gruop 2","136667","5/23/2021","Regular","25","2"
"adam","#LUCVRGUQ8","Mini Matter","DJR gruop 2","136667","5/23/2021","Regular","25","2"
"PANda","#Q0VG2UR9J","Mini Matter","DJR gruop 2","136667","5/23/2021","Regular","25","2"
"StonyGhost","#QP0R2YULL","Mini Matter","DJR gruop 2","136667","5/23/2021","Regular","25","2"
"edgar","#QY02090U2","Mini Matter","DJR gruop 2","136667","5/23/2021","Regular","25","1"
"GLadiTor","#Q98CYPUL0","Mini Matter","DJR gruop 2","136667","5/23/2021","Regular","25","2"
"Darth Kenobi","#LQLRRPL2J","Dark Matter","Igo war","135832","5/22/2021","Regular","40","2"
"tank","#GPGCC9PG","Dark Matter","Igo war","135832","5/22/2021","Regular","40","1"
"Aurora","#LQYQLGRQY","Dark Matter","Igo war","135832","5/22/2021","Regular","40","2"
"jolballing","#LUPVQVLPV","Mini Matter","河工程第一部落","134331","5/20/2021","Regular","25","2"
"Dave","#LUQGVRJLY","Mini Matter","河工程第一部落","134331","5/20/2021","Regular","25","2"
"bigrojo","#Q9QVPL28L","Mini Matter","河工程第一部落","134331","5/20/2021","Regular","25","2"
"Alex The Great","#Q9P9JCVRV","Mini Matter","河工程第一部落","134331","5/20/2021","Regular","25","1"
"Alex The Strong","#Q9PU2PJJL","Mini Matter","河工程第一部落","134331","5/20/2021","Regular","25","1"
"Liliruca","#QP0G8V9QP","Mini Matter","河工程第一部落","134331","5/20/2021","Regular","25","2"
"NITRO-MIR","#Q0CUG89UJ","Mini Matter","河工程第一部落","134331","5/20/2021","Regular","25","2"
"Alex The Wise","#Q9GL90U28","Mini Matter","河工程第一部落","134331","5/20/2021","Regular","25","1"
"javier camacho","#QQ9LRJ8G8","Mini Matter","河工程第一部落","134331","5/20/2021","Regular","25","2"
"Darth Kenobi","#LQLRRPL2J","Dark Matter","الفرسان الثلاثة","133846","5/19/2021","Regular","40","2"
"Darth Kenobi","#LQLRRPL2J","Dark Matter","DONATORS BEST","132190","5/17/2021","Regular","40","2"
"Prestige_PlayZ","#LUPQJR9RP","Mini Matter","WORLD WAR 3000","131773","5/17/2021","Regular","20","2"
"tommy","#Q0UCQ8C82","Mini Matter","WORLD WAR 3000","131773","5/17/2021","Regular","20","1"
"Aye chan","#QPQP2YV9Y","Mini Matter","WORLD WAR 3000","131773","5/17/2021","Regular","20","2"
"RodrigUeZ05","#Q8VJG9VGC","Mini Matter","WORLD WAR 3000","131773","5/17/2021","Regular","20","2"
"mike","#Q9999P92L","Mini Matter","WORLD WAR 3000","131773","5/17/2021","Regular","20","2"
"Gutti Guy 5","#LLPPPC0UR","Mini Matter","WORLD WAR 3000","131773","5/17/2021","Regular","20","1"
"goblin","#Q0CGY89Y2","Mini Matter","Bulawlaw","129360","5/14/2021","Regular","20","1"
"〒[=+友達+=]〒","#QLRGRU8Y0","Mini Matter","Bulawlaw","129360","5/14/2021","Regular","20","1"
"Ňěřđ","#LVRLL2U28","Mini Matter","Bulawlaw","129360","5/14/2021","Regular","20","1"
"toes pics","#Q9G8VJGVV","Mini Matter","Bob's Clan","127354","5/11/2021","Regular","30","1"
"Alam","#QPJCRCUQY","Mini Matter","Bob's Clan","127354","5/11/2021","Regular","30","1"
"LilFinn","#QL08L9CRY","Mini Matter","Bob's Clan","127354","5/11/2021","Regular","30","2"
"luise","#QL09QQ2QL","Mini Matter","Bob's Clan","127354","5/11/2021","Regular","30","2"
"Emily","#Q889V8QJ9","Mini Matter","Bob's Clan","127354","5/11/2021","Regular","30","2"
"pogiko","#Q88QCYGY0","Mini Matter","Bob's Clan","127354","5/11/2021","Regular","30","2"
"CarloGian09","#Q8U0GVRJC","Mini Matter","Bob's Clan","127354","5/11/2021","Regular","30","2"
"vova","#Q2VUCU8PR","Mini Matter","Bob's Clan","127354","5/11/2021","Regular","30","1"
"Gutti Guy","#2YYL8LC9Q","Endor","FIRST COMMAND☯","123100","5/9/2021","CWL","30","1"
"Sug","#2990QPY0","Golden Clan","Pohjanmaa K18 2","122361","5/8/2021","CWL","15","1"
"RoYaLKiNG","#Q9QP2PGPV","Mini Matter","FÑÇ MR LAGET","120052","5/7/2021","Regular","20","2"
"ttg2","#PG2P9JCJ0","Mini Matter","FÑÇ MR LAGET","120052","5/7/2021","Regular","20","1"
"tine","#LVRLU2RVU","Mini Matter","FÑÇ MR LAGET","120052","5/7/2021","Regular","20","2"
"eduardo","#LCY8JRQLY","Mini Matter","FÑÇ MR LAGET","120052","5/7/2021","Regular","20","2"
"RIKKU.BOSS","#LQ2VR0YRP","Mini Matter","Lacité55","114183","5/5/2021","Regular","20","2"
"the killer","#LGRY0QVRV","Mini Matter","Lacité55","114183","5/5/2021","Regular","20","2"
"martin45","#QYQ9CU00Q","Mini Matter","Lacité55","114183","5/5/2021","Regular","20","2"
"bruhh","#Q2LLRUJ90","Mini Matter","Lacité55","114183","5/5/2021","Regular","20","2"
"budthestud97","#LVV9P0RVU","Mini Matter","Lacité55","114183","5/5/2021","Regular","20","2"
"sidekickronnie","#LRU0VGVY0","Mini Matter","Lacité55","114183","5/5/2021","Regular","20","2"
"Gutti Guy 5","#LLPPPC0UR","Mini Matter","Lacité55","114183","5/5/2021","Regular","20","2"
"Dream v2","#Q9PC8PJYJ","Golden Clan","ʟᴇᴀғ ᴠɪʟʟᴀɢᴇ","104615","4/26/2021","Regular","15","1"
"Match Attax","#8LU98GJ0L","Golden Clan","ʟᴇᴀғ ᴠɪʟʟᴀɢᴇ","104615","4/26/2021","Regular","15","1"
"Ж!ПG","#QYQ9GJ0U8","Golden Clan","ʟᴇᴀғ ᴠɪʟʟᴀɢᴇ","104615","4/26/2021","Regular","15","1"
"MiniKamp","#QYCYQC0Y8","Golden Clan","Hungry Admirals","103056","4/24/2021","Regular","15","2"
"hansu","#QYYPGLRL0","Golden Clan","Hungry Admirals","103056","4/24/2021","Regular","15","1"
"kiler","#LCUL2QRY2","Golden Clan","SemFak BarBar","99782","4/20/2021","Regular","20","2"
"Match Attax","#8LU98GJ0L","Golden Clan","SemFak BarBar","99782","4/20/2021","Regular","20","1"
"Bomboy","#QYYGJYYQJ","Golden Clan","SemFak BarBar","99782","4/20/2021","Regular","20","2"
"MiniKamp","#QYCYQC0Y8","Golden Clan","SemFak BarBar","99782","4/20/2021","Regular","20","2"
"hansu","#QYYPGLRL0","Golden Clan","SemFak BarBar","99782","4/20/2021","Regular","20","1"
"CHIVAS","#Q8C99VLU9","Golden Clan","Mini Matter","98157","4/17/2021","Friendly","20","2"
"Shariq Hero","#QP0PVR98C","Golden Clan","Mini Matter","98157","4/17/2021","Friendly","20","2"
"diego55","#LL2LV0QJV","Golden Clan","Mini Matter","98157","4/17/2021","Friendly","20","2"
"adhil","#L2JLU908V","Golden Clan","Mini Matter","98157","4/17/2021","Friendly","20","2"
"Jan 007","#Q89L2LJYP","Golden Clan","Mini Matter","98157","4/17/2021","Friendly","20","2"
"Starznova","#LJGUJLVC9","Golden Clan","Mini Matter","96281","4/14/2021","Friendly","15","2"
"StevenJEZEL","#Q9QCYPJL0","Golden Clan","Mini Matter","96281","4/14/2021","Friendly","15","2"
"mini mini robo","#Q9RL8PYLG","Golden Clan","Mini Matter","96281","4/14/2021","Friendly","15","2"
"babynemo","#QYLJYVLPC","Golden Clan","Mini Matter","96281","4/14/2021","Friendly","15","2"
"jerfnefsnef","#LPJ8G9RGC","Golden Clan","Mini Matter","96281","4/14/2021","Friendly","15","2"
"big d","#LQ9Y88JGU","Golden Clan","Mini Matter","96281","4/14/2021","Friendly","15","2"
"Crispy","#QPQLY992","barudak sunda","kushowar","108454","4/9/2021","CWL","30","1"
"Bot ryze","#LVQ0C20U2","barudak sunda","kushowar","108454","4/9/2021","CWL","30","1"
"F.I.N.E.","#99Q0PLVPC","Endor","Aurora Borealis","108440","4/9/2021","CWL","30","1"
"F.I.N.E.","#99Q0PLVPC","Endor","Brawl Bois","108439","4/8/2021","CWL","30","1"
"F.I.N.E.","#99Q0PLVPC","Endor","Wolloping Wasps","108438","4/7/2021","CWL","30","1"
"GAWD","#PJCPC8280","Endor","Wolloping Wasps","108438","4/7/2021","CWL","30","1"
"Nicholas Ng","#QUR022QG","Endor","Wolloping Wasps","108438","4/7/2021","CWL","30","1"
"Mark","#YLRRQQCPU","Endor","Wolloping Wasps","108438","4/7/2021","CWL","30","1"
"Logan","#280QYU8Y","Endor","Wolloping Wasps","108438","4/7/2021","CWL","30","1"
"F.I.N.E.","#99Q0PLVPC","Endor","TENORI","108437","4/6/2021","CWL","30","1"
"AllJamSammich","#YVR2CYPL9","Endor","TENORI","108437","4/6/2021","CWL","30","1"
"Dream v2","#Q9PC8PJYJ","Golden Clan","Req n Leave","83937","4/6/2021","Regular","20","1"
"Uncooked Nugget","#YVR0LC8JL","Golden Clan","Req n Leave","83937","4/6/2021","Regular","20","2"
"Match Attax","#8LU98GJ0L","Golden Clan","Req n Leave","83937","4/6/2021","Regular","20","2"
"Parceval","#L0J80Y0R0","Golden Clan","Req n Leave","83937","4/6/2021","Regular","20","1"
"S.E.V.E.N","#PL8L99U2Q","Golden Clan","Req n Leave","83937","4/6/2021","Regular","20","2"
"Gutti Guy","#2YYL8LC9Q","barudak sunda","الملوك","108450","4/5/2021","CWL","30","1"
"Joyel!!","#9C2QLPYLC","barudak sunda","الملوك","108450","4/5/2021","CWL","30","1"
"Joyel!!","#9C2QLPYLC","barudak sunda","ارتش اريايي","108449","4/4/2021","CWL","30","1"
"CHIVAS","#Q8C99VLU9","Golden Clan","COMMAND BR...","77085","4/3/2021","Regular","20","2"
"Dragon","#Q9GJQJRQY","Golden Clan","COMMAND BR...","77085","4/3/2021","Regular","20","1"
"Alex","#QPYCQ0QC9","Golden Clan","COMMAND BR...","77085","4/3/2021","Regular","20","2"
"BLB LEGEND#2","#Q0VLC0QC8","Golden Clan","THE LEGENDS :D","76115","3/31/2021","Regular","20","2"
"Baby Dream","#LCQYULLVR","Golden Clan","KILER","74440","3/29/2021","Regular","25","2"
"SpiritLoaf","#Q2JCVVVLC","Golden Clan","KILER","74440","3/29/2021","Regular","25","2"
"BLB LEGEND#2","#Q0VLC0QC8","Golden Clan","KILER","74440","3/29/2021","Regular","25","1"
"mini mini robo","#Q9RL8PYLG","Golden Clan","KILER","74440","3/29/2021","Regular","25","1"
"stimuluschecks","#QPU9LCU8P","Golden Clan","KILER","74440","3/29/2021","Regular","25","2"
"oujcjd","#QL2GYJVJG","Golden Clan","KILER","74440","3/29/2021","Regular","25","2"
"§07de:)₩@","#QL2C2RUUG","Golden Clan","KILER","74440","3/29/2021","Regular","25","2"
"TheXGamers","#8YCVQJ2L0","Golden Clan","KILER","74440","3/29/2021","Regular","25","2"
"Willy","#22Q8Y2CU9","Wookies","C W F","74708","3/28/2021","Regular","10","1"
"ドラゴンスパマー","#UQQYJLPG","Wookies","C W F","74708","3/28/2021","Regular","10","2"
"iopo","#LYR9JGUYQ","Wookies","C W F","74708","3/28/2021","Regular","10","2"
