Warn Tag,Warn Name,None or New Tag,None or New Name,Safe Tag,Safe Name
#YYLC2CJ20,Kramer,#280QYU8Y,Logan,#PUCCG908Y,Lucid
#RYC8LYG2,Shadvox,#Y8LP9VCV,Casper 1,#J9RGCLGL,Triton
#UGYUR2V9,THE DARK VENOM,#YPPUPJU9U,ɑԵԵɑϲƘҽɾ ⓐⓕⓡⓐⓣⓗ,#9PC2U8G98,Bullet
#P8UUCPR8U,Parth,#L09J8JPY0,luca,#20R9QGCJC,verbatxm
#Y9V8LUCLQ,Sloth,#PJRGJUY08,ElusiveStream,#Y9P0RUU0,sillysilas
#L0JV0LQR0,MY5T3RY5M4RT13,#LPU228892,Baby Dragon,#RCV08YPR,littlesonshine
#9PVQ9RJJG,Salim,,,#P29R0UYJP,Grandma 去
#2LQ9Y8CUR,kingTzilla,,,#82C9UC0U9,Hypathios
#LC2Q8UPGP,Anubis,,,#2CJPGVLQ2,Harsh (gt)25
#Q2V2QPQ0P,Fisk,,,#8RR28YU2,Sickno
#9GRLJC9UJ,ChewDon,,,#990LG8Q9R,Pixal
#YV9P9GC0P,/AaRoN\,,,#2G2YCU0P9,Karuko
#QPCGUVVQC,Nick v2,,,#PGY0Q9Q2L,THUNDERPULSE360
#LQ2P9VU88,Theo,,,#G099YGUG,HomeSlicedToast
#2CYVR82QQ,ᴾᴿᴼシMoнᴅκᴀιғ,,,#QGCLV2J0,marleigh
,,,,#PGPJV9VCJ,Deer
,,,,#LJ92JJ8Q,ZARD
,,,,#LVY9R20CR,Dry Dream
,,,,#2VUUV2VJ2,Ed
,,,,#292LQVGP8,SkyNet
,,,,#Q9GPQ08Y8,luvly
,,,,#LV9CQQUR9,FredTime
,,,,#Q0L0VY0PQ,Kismet_27
